Carl Ellsworth - RuinExplorer - A00350677
kamna yadav - kamnayadav - A02048769
Joe Student - JoeStudent - A01234567
Abraham White - WhiteAbeLincoln - A02178955
Kody Sanchez - ksanman - A01514541
Thomas Rizzo - thomasrizzo96 - A01772528
Ember Fairbanks - efair4 - A02044817
Justin Bradshaw - JayBradshaw - A01782405
Ryan Frazier - pianomanfrazier - A00292030
Michael Wells - mbwells88 - A01238883
Alex Godfrey - alexgodfrey - A01219341
Spencer Thorson - spencermt2012 - A01422557
Tyler Aspinwall - Aspintyl000 - A02197417
Blake Johansen - Heroic42 - A01429146
Hailee Maxwell - haileemaxwell - A01950692
Boden Archuleta - Boden-Archuleta - A02098464
Josh Dawson - djoshuac - A02236306
Ryan Medlyn - rmedlyn - A01419111
Margaret Watkins - marwtki - A01983706
David Wiley - djwiley25 - A01099945
Case Haws - sysMachinist - A01488360
Evan Burke - evatar7 - A01995753
Jack Thomas - jacklthomas28 - A02050319
Kyle Reese - KyleReese - A01896837
Robert Handley - bhandley24 - A02054172
Brad Jorgensen - Brad-Jorgy - A01396016
Jordan Burns - burnsjordan - A01885232
Ethan Payne - phat-sumo - A01703244
Nathaniel Sneddon - keyclimber - A01962481
Zen Hale - zenhale - A00987328
Alicia Henry - alicdh - A01665209
